,BA sfs,Score sfs
xgb,0.8776599734940362,-0.11234002650596375
lda,0.5923707834262709,-0.39762921657372907
svc,0.8292115726038358,-0.16078842739616417
lr,0.5798304618539172,-0.4101695381460828
rf,0.8519791953189468,-0.13802080468105316
dt,0.8057062839138807,-0.18429371608611933
knn,0.8725088144832587,-0.11749118551674131
