,BA boruta,Score boruta,BA chi,Score chi,BA rfe,Score rfe,BA gini,Score gini,BA l1,Score l1
xgb,0.9070798628123469,0.9026798628123469,0.8923566878980892,0.8923566878980892,0.9089906908378246,0.9089906908378246,0.8949289563939246,0.8949289563939246,0.8122488975992161,0.8122488975992161
lda,0.9089906908378246,0.9045906908378246,0.8942430181283685,0.8942430181283685,0.9211660950514453,0.9211660950514453,0.89296913277805,0.89296913277805,0.6878735913767761,0.6878735913767761
svc,0.9378735913767762,0.9334735913767762,0.9558304752572269,0.9558304752572269,0.9398089171974522,0.9398089171974522,0.9423566878980891,0.9423566878980891,0.8327535521803038,0.8327535521803038
lr,0.9115384615384615,0.9071384615384616,0.8762861342479177,0.8762861342479177,0.9179568838804508,0.9179568838804508,0.8903968642822147,0.8903968642822147,0.6519598236158746,0.6519598236158746
rf,0.926923076923077,0.922523076923077,0.8846888780009798,0.8846888780009798,0.91156295933366,0.91156295933366,0.8987751102400784,0.8987751102400784,0.8122488975992161,0.8122488975992161
dt,0.8763841254287115,0.8719841254287115,0.8520333170014699,0.8520333170014699,0.8628858402743753,0.8628858402743753,0.8565409113179814,0.8565409113179814,0.8122488975992161,0.8122488975992161
knn,0.8397599216070554,0.8353599216070554,0.8320921117099461,0.8320921117099461,0.8493875551200392,0.8493875551200392,0.8288829005389515,0.8288829005389515,0.8090396864282214,0.8090396864282214
